SP_ID,NAME,UNITNAME
D0C901DDF31E7BEF10FE194B6901709E,DEMO-U100-PID-001,U100
7D71DEDB49CC172EDC86477D5C65FF76,DEMO-U100-PID-002,U100
A31D08ECA435F7F0C91AE9A1FB1D53A9,DEMO-U100-PID-003,U100
A9058D04C51DCEE9A160B1C6F5571F86,DEMO-U100-PID-004,U100
83E64D40A7A72B1B18B15C75E0806435,DEMO-U100-PID-005,U100
0392DEA5879E192324B03DD24ABE0A4B,DEMO-U100-PID-006,U100
B28529F9BDDAE996DC661E392493AA84,DEMO-U100-PID-007,U100
2F388CF8AB68D2B7CFDF0C8F238F9834,DEMO-U100-PID-008,U100
DCDA1BE450F5E80C3409718F053DD006,DEMO-U100-PID-009,U100
F7420B7B394FA160BA6FCD82B8DBE0A7,DEMO-U100-PID-010,U100
389D1D5CB5F8E22FCF57588453D88427,DEMO-U100-PID-011,U100
3530C7D7C93B98CF4F3E307F3A02F38C,DEMO-U100-PID-012,U100
5ACE2C5C7EC6D11D7B085151841A3EA9,DEMO-U100-PID-013,U100
88CF47B80E7B23F78DB45AEAF7014E6D,DEMO-U100-PID-014,U100
79F1A8C9EBEDDCDF31BB2517FD95FBB1,DEMO-U100-PID-015,U100
0DD2D6C442A8BB36EBC2C20897C58C6B,DEMO-U100-PID-016,U100
AED5A2B3BDE999F4FBD39B4768585C9B,DEMO-U100-PID-017,U100
EB84C3ED6C98463BEE12F30D0B9F43DF,DEMO-U100-PID-018,U100
5BDD1E68CB7DF33559C65C4A568F3849,DEMO-U100-PID-019,U100
F370DC56EA1934EF8CF54DCF2025926E,DEMO-U100-PID-020,U100
D6AECFEC394831D038B8A7AF9F0A72DB,DEMO-U100-PID-021,U100
4D9F984D0ACCA97707860A010D4EB267,DEMO-U100-PID-022,U100
398D2861A687D2248F8B7B269AB3F869,DEMO-U100-PID-023,U100
C488662F969F34058A82ECE077975BE5,DEMO-U100-PID-024,U100
AFF7F726BE9ABBCE2765C2DD1E79B7EA,DEMO-U100-PID-025,U100
E86EF5FADE3C81FC934431B783E44626,DEMO-U100-PID-026,U100
B2B85521054FADE48E3FE7341D0D79BD,DEMO-U100-PID-027,U100
A25DF03839C936FE596C93845E564096,DEMO-U100-PID-028,U100
66F48B4ADF18024CCCA1094DB63EB67C,DEMO-U100-PID-029,U100
6151546FAEC5D02EC2BD91CBFCE85343,DEMO-U100-PID-030,U100
0513CF21984165B8C06AAF0261AFC036,DEMO-U100-PID-031,U100
CEB62D4CAAAF04F8A4912A5C1E201C48,DEMO-U100-PID-032,U100
6291B69CCDBF5D0F638861CC79DA3744,DEMO-U100-PID-033,U100
F12F76029BAACE8FDD84CE7B4517354C,DEMO-U100-PID-034,U100
8849EB9162837E2E0BCCA9869C4F150E,DEMO-U100-PID-035,U100
FDDCAA6B1CDC8331F1083F5F610A82D9,DEMO-U100-PID-036,U100
2B3958935C502A5BD6014003ADE8BF45,DEMO-U100-PID-037,U100
F26EA8DCAC4FF2ADCAF98D70A22BDE36,DEMO-U100-PID-038,U100
91EEA5772E67B7E9C5C69716C5642BEA,DEMO-U100-PID-039,U100
306BDAD413B5B8D3A5D97A38517E5EDC,DEMO-U100-PID-040,U100
7E57DDE07CD80FA372A80C0659F4615D,DEMO-U100-PID-041,U100
847D084D485D5E3CE9902FBADAE8F101,DEMO-U100-PID-042,U100
43CB2C01A0A70AE996698CC6C31ACF00,DEMO-U100-PID-043,U100
3527AD6A10D975ABB83E11A13953CC6A,DEMO-U100-PID-044,U100
09B849AEED982B62E9F3EE29EDEEC671,DEMO-U100-PID-045,U100
982890CC69579D259766E1C1BD00C4BA,DEMO-U100-PID-046,U100
32D5A7A0F8CB998262622F5EC3B3B801,DEMO-U100-PID-047,U100
836E6A85884EDA475926ABE1EE072B87,DEMO-U100-PID-048,U100
AD20A92D054433ABB0EE40B5E810936C,DEMO-U100-PID-049,U100
773270B8D0D799071653A7C5AD80D6C4,DEMO-U100-PID-050,U100
8D9EA7A943C4B5E2EABAF8FD0FA8E4D0,DEMO-U100-PID-051,U100
4F55DA160C9B368A1736DBC18AF6BE90,DEMO-U100-PID-052,U100
2C40CF630AC632F98E96A0667C2F315B,DEMO-U110-PID-001,U110
601B1D430AA7723D7796BEA4B1BFD84E,DEMO-U110-PID-002,U110
7A2DA80AC82E10C52551B5650E18A057,DEMO-U110-PID-003,U110
F2DE2AE17F901C2864FF84814A155A7C,DEMO-U110-PID-004,U110
216C0C87DC569318B5C4DD82C39DC932,DEMO-U110-PID-005,U110
51629E19B54AE62FCF3CDDC55AE9712C,DEMO-U110-PID-006,U110
FCBF8FEA7A21695AAEDD995555D7C788,DEMO-U110-PID-007,U110
FAE380D0DE2CC9D64848CFEA05B01425,DEMO-U110-PID-008,U110
8B085CA066E537966E96C4FA8A111B2A,DEMO-U110-PID-009,U110
6158E2B61D526CDCEF4BE5A4E1BADB5C,DEMO-U110-PID-010,U110
36D77441C22A97EC2FC6EDD0162AB160,DEMO-U110-PID-011,U110
F2C33F26034A081939818F17C4DB57E2,DEMO-U110-PID-012,U110
31F2B23DC0CB8E544F3DB51681E47C4B,DEMO-U110-PID-013,U110
0F189CC773B3B551169C36E904073502,DEMO-U110-PID-014,U110
DA57E31C9715D967BA31357F4D2C7501,DEMO-U110-PID-015,U110
FD17C4EE856A5A9FC879CF837029BC67,DEMO-U110-PID-016,U110
B2E7EDD61174E8763991D6244E7B0DC9,DEMO-U110-PID-017,U110
719EAA06B1374B09D338FE3656748482,DEMO-U110-PID-018,U110
E15256FAA45EC091B655987D74573B3E,DEMO-U110-PID-019,U110
D39E239F866C2881A2B4A48AEE92B227,DEMO-U110-PID-020,U110
9DEE39D15FEDC88A61A9009654CCBDEB,DEMO-U110-PID-021,U110
CAA0E95F4CACCEAF189EA18045867A3D,DEMO-U110-PID-022,U110
0FF93C9F25A86D9862D3AE3A051BECA4,DEMO-U110-PID-023,U110
05E86AF50F66717F55FA31AA8FF77031,DEMO-U110-PID-024,U110
331E6C2270DCE687D4EA54A3CDA45B66,DEMO-U110-PID-025,U110
C75DC22605917A4D32B3DA9F3C48A796,DEMO-U110-PID-026,U110
56ED0E2A32F2B6A131C77E86DE15A5CF,DEMO-U110-PID-027,U110
B4B5465F032446E39CAF2FC0618AB582,DEMO-U110-PID-028,U110
39AC202C5FADAB3D6A6DB0EC72C695F4,DEMO-U110-PID-029,U110
2BB50D1DBD2C9927FA72B10F09A4CEF2,DEMO-U110-PID-030,U110
AD30B5093008D7E1C969D33AAA9529CF,DEMO-U110-PID-031,U110
3772B49BB519765241F4612A98859AFD,DEMO-U110-PID-032,U110
D1D4A07CB2978F5446D09E8263F0A8F5,DEMO-U110-PID-033,U110
19960560F2DA3F110D29206C24EC49F4,DEMO-U110-PID-034,U110
D7D41486D44896D32017AE359A727D6D,DEMO-U110-PID-035,U110
C67509544B54D5060A7EAE7CBB1667B1,DEMO-U110-PID-036,U110
CDD400CD096C474D65570ECB7DF03B90,DEMO-U110-PID-037,U110
601351B316B14DC2F37D75025FEF4ADC,DEMO-U110-PID-038,U110
5A76E455880BFA67A447D0C1E2BABA28,DEMO-U110-PID-039,U110
96764103A71113E956028571BCD8CC15,DEMO-U110-PID-040,U110
0EA95E3C2BE73E517C3ECAE068D39A87,DEMO-U110-PID-041,U110
A6B86F67E9684B1952772AB837017250,DEMO-U110-PID-042,U110
F080BF4D39D055F1BF81027E490635FB,DEMO-U110-PID-043,U110
5D8816C45FE51E1C8DC6B905F719428B,DEMO-U120-PID-001,U120
5CE832F931E8204D03655B818C0A3040,DEMO-U120-PID-002,U120
289E25E4233EED9A2913FDF22C37FABF,DEMO-U120-PID-003,U120
33639FDC98AAF751C52F0A1670FC755E,DEMO-U120-PID-004,U120
1A309918F041827BE1FA5F5984EC1520,DEMO-U120-PID-005,U120
C393C5CDE02B4F8045042EE065265D02,DEMO-U120-PID-006,U120
C0EAD0A4B486FE93E092B0A4C66FE67A,DEMO-U120-PID-007,U120
24EDF061651069DC69A1E7A74FA9680E,DEMO-U120-PID-008,U120
2EF0E79D044D93A00CD0EF19C926D782,DEMO-U120-PID-009,U120
B207FB9B0DC46AB34E5ABE7C88AFB0DD,DEMO-U120-PID-010,U120
536DA83BF14C40A7C114D5F543D481E0,DEMO-U120-PID-011,U120
3617836BAAC586013A6529A833CE90E4,DEMO-U120-PID-012,U120
FDE23B4165E28F0F5CCF76EA194FDFC1,DEMO-U120-PID-013,U120
B65DFD027E5BBC6123D0C26C2334C0AA,DEMO-U120-PID-014,U120
C2DF5D56839629AFC8F152541A0C3236,DEMO-U120-PID-015,U120
FC14EF1DD2710425786CCE66BFF4081A,DEMO-U120-PID-016,U120
95ED6C762967C74B3B9D5F02FA51CBF1,DEMO-U120-PID-017,U120
802EAA99A3004FC950D9B1E348DBF83A,DEMO-U120-PID-018,U120
B3B218B39C0CFD8903048193366FC450,DEMO-U120-PID-019,U120
FE07C65A61D59412AAE09752635EED7F,DEMO-U120-PID-020,U120
A76A7B4C083D5C2555830A6D0575A7C8,DEMO-U120-PID-021,U120
6040BC346C6FDD3461209D95E733310F,DEMO-U120-PID-022,U120
18A21E6DEAED6CF69C7A0F693E18F8F6,DEMO-U120-PID-023,U120
5666596060ECE59F65B4EDF64AB413A3,DEMO-U120-PID-024,U120
1414C58300B531C882559B0BBC7E71CE,DEMO-U120-PID-025,U120
84881B6622C0E556382A2344B0D1A60A,DEMO-U120-PID-026,U120
48ED1B18D83678C5AE1D0C63E17E0D06,DEMO-U130-PID-001,U130
9980A0541A8FFBA17D024466F71C66B6,DEMO-U130-PID-002,U130
896875BBABFD351308237B9C75230C92,DEMO-U130-PID-003,U130
4CC32D1A4B0ACD87A921C4FBB4A33FE5,DEMO-U130-PID-004,U130
D72F391F0BC698D26CF8D8211F881843,DEMO-U130-PID-005,U130
1E496BD689A5F1E481C9FC401574DA2D,DEMO-U130-PID-006,U130
255FA027667D5CD05424BDA0F6F0F415,DEMO-U130-PID-007,U130
6B3A0DA91E99604DA5AD2D88D84CC2A6,DEMO-U130-PID-008,U130
0E469E9DB82FD84C0313BAE4FE949FA2,DEMO-U140-PID-001,U140
F1EF04D39DED40036AFAFD422CCD20FA,DEMO-U140-PID-002,U140
C654EAD9FBA277BBD42EE858E7F60070,DEMO-U140-PID-003,U140
91B3CEF29D8CA4ADC7CAEE80A0D21D62,DEMO-U140-PID-004,U140
A17A0CA8D98B9DE1644AE4F152B59223,DEMO-U140-PID-005,U140
BC1EB0F397920DFACFB05C10740478BB,DEMO-U140-PID-006,U140
DECE41AFF321975732B0ECB8FD1DA38D,DEMO-U140-PID-007,U140
9137D87671A897C3C0184D412B13110E,DEMO-U150-PID-001,U150
124933EFF594B5A4D6C95042F1723D85,DEMO-U150-PID-002,U150
C17051500E11127721BC90AA1D5E74AA,DEMO-U150-PID-003,U150
3A476B6438F1402ED1D87A6E25E76E99,DEMO-U150-PID-004,U150
6C98AAC7903FD017DAC559B0E9B9CCE5,DEMO-U160-PID-001,U160
F8CAE444C3FB934DB7214A7B88D9F3C6,DEMO-U160-PID-002,U160
D2F690F8C13FCF77F18A314BA9286079,DEMO-U160-PID-003,U160
278193BC545CB1E30C860219320DC6B9,DEMO-U160-PID-004,U160
934DEBBD764EEE932EEB1036A99D497D,DEMO-U170-PID-001,U170
EC292D560DA82ACD6C847FF28CA7BFD2,DEMO-U170-PID-002,U170
E1DDA8ADB089448852586F3BD32EF577,DEMO-U170-PID-003,U170
33E233D68C42D2657953DB0EEF26D073,DEMO-U170-PID-004,U170
449CB82CD20B56161A65C465C756ECA9,DEMO-U180-PID-001,U180
01E6B904BDBA8DCE3D67DD9CBDB2626E,DEMO-U180-PID-002,U180
F56C6C5546336B45BF46D41F257BA3AF,DEMO-U190-PID-001,U190
B895CE1C3B8F71B260A922BB8629A63D,DEMO-U190-PID-002,U190
